"starts","ends","scores","seqID","numID"
1,1100,90.0735294117647,"Chr1_extraction",1
2201,3300,95.4044117647059,"Chr1_extraction",1
4401,5500,98.5294117647059,"Chr1_extraction",1
6601,7700,98.8970588235294,"Chr1_extraction",1
8801,11000,95.5447663376401,"Chr1_extraction",1
17601,50711,32.0318523815446,"Chr1_extraction",1
