"starts","ends","scores","seqID","numID"
2201,3300,84.5588235294118,"Chr1_extraction_trc",1
11001,22391,31.7400808791622,"Chr1_extraction_trc",1
1,1100,90.0735294117647,"Chr1_extraction",2
2201,3300,95.4044117647059,"Chr1_extraction",2
4401,5500,98.5294117647059,"Chr1_extraction",2
6601,7700,98.8970588235294,"Chr1_extraction",2
8801,11000,95.5447663376401,"Chr1_extraction",2
17601,50711,31.8672858081689,"Chr1_extraction",2
