"starts","ends","scores","seqID","numID"
9901,11000,98.8970588235294,"CP068268_39050443_39150442",1
12101,13200,98.7132352941177,"CP068268_39050443_39150442",1
15401,16500,97.9779411764706,"CP068268_39050443_39150442",1
17601,22000,83.6745149298637,"CP068268_39050443_39150442",1
23101,29700,88.168439068308,"CP068268_39050443_39150442",1
30801,41800,85.2426925175016,"CP068268_39050443_39150442",1
47301,60500,76.6976692753016,"CP068268_39050443_39150442",1
69301,99000,84.5528196631695,"CP068268_39050443_39150442",1
