"starts","ends","scores","seqID","numID"
2201,4400,97.7496455608164,"da_ScuGale1.1_SUPER_15_extr2",1
5501,6600,97.0588235294118,"da_ScuGale1.1_SUPER_15_extr2",1
11001,56100,47.7203705768877,"da_ScuGale1.1_SUPER_15_extr2",1
57201,58300,98.8970588235294,"da_ScuGale1.1_SUPER_15_extr2",1
1,3300,65.952639391616,"da_ScuGale1.1_SUPER_15_extr1",2
8801,83760,32.9968218221738,"da_ScuGale1.1_SUPER_15_extr1",2
