"starts","ends","scores","seqID","numID"
1,1100,98.5294117647059,"Rbrevi_chr1_extr1_edited",1
4401,7700,73.9747338765758,"Rbrevi_chr1_extr1_edited",1
11001,12100,97.4264705882353,"Rbrevi_chr1_extr1_edited",1
13201,15400,98.5764752695075,"Rbrevi_chr1_extr1_edited",1
16501,17600,95.0367647058823,"Rbrevi_chr1_extr1_edited",1
29701,30800,98.7132352941177,"Rbrevi_chr1_extr1_edited",1
37401,40700,92.4071799832391,"Rbrevi_chr1_extr1_edited",1
45101,46200,97.0588235294118,"Rbrevi_chr1_extr1_edited",1
47301,90200,66.3814873528821,"Rbrevi_chr1_extr1_edited",1
92401,93500,98.7132352941177,"Rbrevi_chr1_extr1_edited",1
104501,105600,58.2720588235294,"Rbrevi_chr1_extr1_edited",1
114401,115500,96.875,"Rbrevi_chr1_extr1_edited",1
123201,124300,97.7941176470588,"Rbrevi_chr1_extr1_edited",1
135301,136400,98.8970588235294,"Rbrevi_chr1_extr1_edited",1
172701,173800,97.7941176470588,"Rbrevi_chr1_extr1_edited",1
192501,223300,67.4393207696102,"Rbrevi_chr1_extr1_edited",1
224401,235400,68.0849728491346,"Rbrevi_chr1_extr1_edited",1
244201,245300,97.0588235294118,"Rbrevi_chr1_extr1_edited",1
251901,253000,95.4044117647059,"Rbrevi_chr1_extr1_edited",1
258501,259600,98.8970588235294,"Rbrevi_chr1_extr1_edited",1
269501,279400,60.0821235656602,"Rbrevi_chr1_extr1_edited",1
280501,281600,98.3455882352941,"Rbrevi_chr1_extr1_edited",1
284901,292600,93.2570979424372,"Rbrevi_chr1_extr1_edited",1
301401,314600,58.7745060900336,"Rbrevi_chr1_extr1_edited",1
321201,322300,89.3382352941177,"Rbrevi_chr1_extr1_edited",1
327801,328900,92.8308823529412,"Rbrevi_chr1_extr1_edited",1
330001,336600,93.4646682206752,"Rbrevi_chr1_extr1_edited",1
