"starts","ends","scores","seqID","numID"
1,1200,90.9090909090909,"Chr1_extraction",1
2401,4800,97.1816960770691,"Chr1_extraction",1
6001,7200,98.989898989899,"Chr1_extraction",1
8401,10800,92.8905562502895,"Chr1_extraction",1
18001,50711,27.8164215489048,"Chr1_extraction",1
