"starts","ends","scores","seqID","numID"
1,264000,41.5585436709542,"Rradicans_chr2_extr1",1
265101,266200,93.9338235294118,"Rradicans_chr2_extr1",1
267301,269500,91.6862276970816,"Rradicans_chr2_extr1",1
270601,272800,98.7602152047722,"Rradicans_chr2_extr1",1
277201,342100,41.6844233301882,"Rradicans_chr2_extr1",1
345401,347600,98.8520851724046,"Rradicans_chr2_extr1",1
348701,360800,57.1218665373414,"Rradicans_chr2_extr1",1
372901,374000,98.1617647058823,"Rradicans_chr2_extr1",1
375101,378400,96.0201843695951,"Rradicans_chr2_extr1",1
383901,402600,62.7058147179937,"Rradicans_chr2_extr1",1
403701,404800,87.5,"Rradicans_chr2_extr1",1
405901,407000,97.6102941176471,"Rradicans_chr2_extr1",1
409201,410300,98.8970588235294,"Rradicans_chr2_extr1",1
413601,414700,98.8970588235294,"Rradicans_chr2_extr1",1
415801,418000,84.7959801246556,"Rradicans_chr2_extr1",1
426801,427900,96.875,"Rradicans_chr2_extr1",1
430101,431200,98.8970588235294,"Rradicans_chr2_extr1",1
433401,435600,92.7886673086697,"Rradicans_chr2_extr1",1
